Liga,Saison,Team,Marktwert,Platzierung,Punkte
Bundesliga,2011,FC Bayern München,356000000,2 ,73
Bundesliga,2011,Borussia Dortmund,215950000,1 ,81
Bundesliga,2011,FC Schalke 04,155230000,3 ,64
Bundesliga,2011,Bayer 04 Leverkusen,134850000,5 ,54
Bundesliga,2011,VfL Wolfsburg,125800000,8 ,44
Bundesliga,2011,VfB Stuttgart,118000000,6 ,53
Bundesliga,2011,SV Werder Bremen,111950000,9 ,42
Bundesliga,2011,TSG 1899 Hoffenheim,88650000,11 ,41
Bundesliga,2011,Borussia Mönchengladbach,88300000,4 ,60
Bundesliga,2011,Hamburger SV,85900000,15 ,36
Bundesliga,2011,Hannover 96,76800000,7 ,48
Bundesliga,2011,SC Freiburg,69430000,12 ,40
Bundesliga,2011,1.FC Köln,60180000,17 ,30
Bundesliga,2011,1.FC Nürnberg,52100000,10 ,42
Bundesliga,2011,1.FSV Mainz 05,52000000,13 ,39
Bundesliga,2011,Hertha BSC,45600000,16 ,31
Bundesliga,2011,1.FC Kaiserslautern,42600000,18 ,23
Bundesliga,2011,FC Augsburg,38350000,14 ,38
Bundesliga,2012,FC Bayern München,462400000,1 ,91
Bundesliga,2012,Borussia Dortmund,302300000,2 ,66
Bundesliga,2012,FC Schalke 04,183550000,4 ,55
Bundesliga,2012,Bayer 04 Leverkusen,155300000,3 ,65
Bundesliga,2012,VfL Wolfsburg,109000000,11 ,43
Bundesliga,2012,Hamburger SV,104950000,7 ,48
Bundesliga,2012,VfB Stuttgart,93130000,12 ,43
Bundesliga,2012,Borussia Mönchengladbach,87330000,8 ,47
Bundesliga,2012,Hannover 96,83150000,9 ,45
Bundesliga,2012,TSG 1899 Hoffenheim,78250000,16 ,31
Bundesliga,2012,SV Werder Bremen,78000000,14 ,34
Bundesliga,2012,Eintracht Frankfurt,68400000,6 ,51
Bundesliga,2012,SC Freiburg,65800000,5 ,51
Bundesliga,2012,1.FSV Mainz 05,52430000,13 ,42
Bundesliga,2012,1.FC Nürnberg,46830000,10 ,44
Bundesliga,2012,FC Augsburg,38450000,15 ,33
Bundesliga,2012,SpVgg Greuther Fürth,33330000,18 ,21
Bundesliga,2012,Fortuna Düsseldorf,31150000,17 ,30
Bundesliga,2013,FC Bayern München,556880000,1 ,90
Bundesliga,2013,Borussia Dortmund,326050000,2 ,71
Bundesliga,2013,FC Schalke 04,203250000,3 ,64
Bundesliga,2013,Bayer 04 Leverkusen,175880000,4 ,61
Bundesliga,2013,VfL Wolfsburg,155230000,5 ,60
Bundesliga,2013,Borussia Mönchengladbach,111380000,6 ,55
Bundesliga,2013,VfB Stuttgart,108300000,15 ,32
Bundesliga,2013,Hamburger SV,102780000,16 ,27
Bundesliga,2013,TSG 1899 Hoffenheim,97400000,9 ,44
Bundesliga,2013,Eintracht Frankfurt,86200000,13 ,36
Bundesliga,2013,Hannover 96,80230000,10 ,42
Bundesliga,2013,SC Freiburg,71680000,14 ,36
Bundesliga,2013,Hertha BSC,68080000,11 ,41
Bundesliga,2013,SV Werder Bremen,66400000,12 ,39
Bundesliga,2013,1.FSV Mainz 05,59450000,7 ,53
Bundesliga,2013,1.FC Nürnberg,56450000,17 ,26
Bundesliga,2013,FC Augsburg,45950000,8 ,52
Bundesliga,2013,Eintracht Braunschweig,28580000,18 ,25
Bundesliga,2014,FC Bayern München,575130000,1 ,79
Bundesliga,2014,Borussia Dortmund,319500000,7 ,46
Bundesliga,2014,VfL Wolfsburg,221050000,2 ,69
Bundesliga,2014,FC Schalke 04,212000000,6 ,48
Bundesliga,2014,Bayer 04 Leverkusen,177350000,4 ,61
Bundesliga,2014,Borussia Mönchengladbach,130630000,3 ,66
Bundesliga,2014,TSG 1899 Hoffenheim,121780000,8 ,44
Bundesliga,2014,1.FSV Mainz 05,88000000,11 ,40
Bundesliga,2014,Hamburger SV,87150000,16 ,35
Bundesliga,2014,VfB Stuttgart,86950000,14 ,36
Bundesliga,2014,Hannover 96,76650000,13 ,37
Bundesliga,2014,Eintracht Frankfurt,74900000,9 ,43
Bundesliga,2014,SV Werder Bremen,67530000,10 ,43
Bundesliga,2014,Hertha BSC,66000000,15 ,35
Bundesliga,2014,SC Freiburg,57400000,17 ,34
Bundesliga,2014,1.FC Köln,50750000,12 ,40
Bundesliga,2014,FC Augsburg,50080000,5 ,49
Bundesliga,2014,SC Paderborn 07,28500000,18 ,31
Bundesliga,2015,FC Bayern München,596050000,1 ,88
Bundesliga,2015,Borussia Dortmund,352950000,2 ,78
Bundesliga,2015,VfL Wolfsburg,270430000,8 ,45
Bundesliga,2015,Bayer 04 Leverkusen,241300000,3 ,60
Bundesliga,2015,FC Schalke 04,225200000,5 ,52
Bundesliga,2015,Borussia Mönchengladbach,186150000,4 ,55
Bundesliga,2015,TSG 1899 Hoffenheim,90200000,15 ,37
Bundesliga,2015,1.FSV Mainz 05,85150000,6 ,50
Bundesliga,2015,VfB Stuttgart,81180000,17 ,33
Bundesliga,2015,Hertha BSC,78930000,7 ,50
Bundesliga,2015,Eintracht Frankfurt,76600000,16 ,36
Bundesliga,2015,FC Augsburg,75930000,12 ,38
Bundesliga,2015,1.FC Köln,68630000,9 ,43
Bundesliga,2015,SV Werder Bremen,64680000,13 ,38
Bundesliga,2015,Hamburger SV,63200000,10 ,41
Bundesliga,2015,Hannover 96,60830000,18 ,25
Bundesliga,2015,FC Ingolstadt 04,35650000,11 ,40
Bundesliga,2015,SV Darmstadt 98,25150000,14 ,38
Bundesliga,2016,FC Bayern München,562550000,1 ,82
Bundesliga,2016,Borussia Dortmund,390650000,3 ,64
Bundesliga,2016,Bayer 04 Leverkusen,265030000,12 ,41
Bundesliga,2016,FC Schalke 04,217250000,10 ,43
Bundesliga,2016,VfL Wolfsburg,203080000,16 ,37
Bundesliga,2016,RasenBallsport Leipzig,176330000,2 ,67
Bundesliga,2016,Borussia Mönchengladbach,162180000,9 ,45
Bundesliga,2016,TSG 1899 Hoffenheim,138630000,4 ,62
Bundesliga,2016,1.FC Köln,116150000,5 ,49
Bundesliga,2016,1.FSV Mainz 05,96730000,15 ,37
Bundesliga,2016,Hertha BSC,96530000,6 ,49
Bundesliga,2016,SV Werder Bremen,89450000,8 ,45
Bundesliga,2016,SC Freiburg,86730000,7 ,48
Bundesliga,2016,Hamburger SV,80480000,14 ,38
Bundesliga,2016,Eintracht Frankfurt,72300000,11 ,42
Bundesliga,2016,FC Augsburg,65850000,13 ,38
Bundesliga,2016,FC Ingolstadt 04,38630000,17 ,32
Bundesliga,2016,SV Darmstadt 98,25980000,18 ,25
Bundesliga,2017,FC Bayern München,811850000,1 ,84
Bundesliga,2017,Borussia Dortmund,574200000,4 ,55
Bundesliga,2017,RasenBallsport Leipzig,373300000,6 ,53
Bundesliga,2017,Bayer 04 Leverkusen,357350000,5 ,55
Bundesliga,2017,FC Schalke 04,274350000,2 ,63
Bundesliga,2017,TSG 1899 Hoffenheim,212750000,3 ,55
Bundesliga,2017,Borussia Mönchengladbach,193250000,9 ,47
Bundesliga,2017,VfL Wolfsburg,143600000,16 ,33
Bundesliga,2017,VfB Stuttgart,134700000,7 ,51
Bundesliga,2017,Hertha BSC,131450000,10 ,43
Bundesliga,2017,Eintracht Frankfurt,126150000,8 ,49
Bundesliga,2017,SV Werder Bremen,107150000,11 ,42
Bundesliga,2017,SC Freiburg,100600000,15 ,36
Bundesliga,2017,FC Augsburg,100450000,12 ,41
Bundesliga,2017,1.FSV Mainz 05,98350000,14 ,36
Bundesliga,2017,Hannover 96,92950000,13 ,39
Bundesliga,2017,1.FC Köln,91730000,18 ,22
Bundesliga,2017,Hamburger SV,62400000,17 ,31
Bundesliga,2018,FC Bayern München,784880000,1 ,78
Bundesliga,2018,Borussia Dortmund,643250000,2 ,76
Bundesliga,2018,RasenBallsport Leipzig,479000000,3 ,66
Bundesliga,2018,Bayer 04 Leverkusen,429400000,4 ,58
Bundesliga,2018,TSG 1899 Hoffenheim,336250000,9 ,51
Bundesliga,2018,Eintracht Frankfurt,313400000,7 ,54
Bundesliga,2018,Borussia Mönchengladbach,264300000,5 ,55
Bundesliga,2018,VfL Wolfsburg,229250000,6 ,55
Bundesliga,2018,FC Schalke 04,221300000,14 ,33
Bundesliga,2018,Hertha BSC,207630000,11 ,43
Bundesliga,2018,SV Werder Bremen,168050000,8 ,53
Bundesliga,2018,1.FSV Mainz 05,159730000,12 ,43
Bundesliga,2018,VfB Stuttgart,143750000,16 ,28
Bundesliga,2018,FC Augsburg,139250000,15 ,32
Bundesliga,2018,SC Freiburg,122100000,13 ,36
Bundesliga,2018,Fortuna Düsseldorf,94950000,10 ,44
Bundesliga,2018,Hannover 96,91430000,17 ,21
Bundesliga,2018,1.FC Nürnberg,54400000,18 ,19
Bundesliga,2019,FC Bayern München,777330000,1 ,82
Bundesliga,2019,Borussia Dortmund,654050000,2 ,69
Bundesliga,2019,RasenBallsport Leipzig,570480000,3 ,66
Bundesliga,2019,Bayer 04 Leverkusen,398950000,5 ,63
Bundesliga,2019,Borussia Mönchengladbach,254700000,4 ,65
Bundesliga,2019,TSG 1899 Hoffenheim,226050000,6 ,52
Bundesliga,2019,FC Schalke 04,221580000,12 ,39
Bundesliga,2019,Hertha BSC,217200000,10 ,41
Bundesliga,2019,Eintracht Frankfurt,208980000,9 ,45
Bundesliga,2019,VfL Wolfsburg,207600000,7 ,49
Bundesliga,2019,SV Werder Bremen,135130000,16 ,31
Bundesliga,2019,SC Freiburg,122650000,8 ,48
Bundesliga,2019,1.FSV Mainz 05,121580000,13 ,37
Bundesliga,2019,FC Augsburg,112950000,15 ,36
Bundesliga,2019,1.FC Köln,98480000,14 ,36
Bundesliga,2019,Fortuna Düsseldorf,71780000,17 ,30
Bundesliga,2019,1.FC Union Berlin,41200000,11 ,41
Bundesliga,2019,SC Paderborn 07,28900000,18 ,20
Bundesliga,2020,FC Bayern München,858230000,1 ,78
Bundesliga,2020,Borussia Dortmund,628400000,3 ,64
Bundesliga,2020,RasenBallsport Leipzig,574950000,2 ,65
Bundesliga,2020,Bayer 04 Leverkusen,373250000,6 ,52
Bundesliga,2020,Borussia Mönchengladbach,300750000,8 ,49
Bundesliga,2020,Eintracht Frankfurt,269150000,5 ,60
Bundesliga,2020,VfL Wolfsburg,256830000,4 ,61
Bundesliga,2020,Hertha BSC,228880000,14 ,35
Bundesliga,2020,TSG 1899 Hoffenheim,228150000,11 ,43
Bundesliga,2020,VfB Stuttgart,189250000,9 ,45
Bundesliga,2020,1.FSV Mainz 05,163300000,12 ,39
Bundesliga,2020,SC Freiburg,139100000,10 ,45
Bundesliga,2020,FC Schalke 04,123050000,18 ,16
Bundesliga,2020,1.FC Köln,118200000,16 ,33
Bundesliga,2020,SV Werder Bremen,111980000,17 ,31
Bundesliga,2020,FC Augsburg,93050000,13 ,36
Bundesliga,2020,1.FC Union Berlin,82050000,7 ,50
Bundesliga,2020,Arminia Bielefeld,56730000,15 ,35
Bundesliga,2021,FC Bayern München,790330000,1 ,77
Bundesliga,2021,Borussia Dortmund,558980000,2 ,69
Bundesliga,2021,RasenBallsport Leipzig,498950000,4 ,58
Bundesliga,2021,Bayer 04 Leverkusen,455050000,3 ,64
Bundesliga,2021,VfL Wolfsburg,269300000,12 ,42
Bundesliga,2021,Borussia Mönchengladbach,236800000,10 ,45
Bundesliga,2021,Eintracht Frankfurt,228750000,11 ,42
Bundesliga,2021,TSG 1899 Hoffenheim,211430000,9 ,46
Bundesliga,2021,SC Freiburg,176350000,6 ,55
Bundesliga,2021,VfB Stuttgart,174230000,15 ,33
Bundesliga,2021,Hertha BSC,155730000,16 ,33
Bundesliga,2021,1.FSV Mainz 05,131030000,8 ,46
Bundesliga,2021,1.FC Union Berlin,115900000,5 ,57
Bundesliga,2021,1.FC Köln,99280000,7 ,52
Bundesliga,2021,FC Augsburg,95300000,14 ,38
Bundesliga,2021,Arminia Bielefeld,65850000,17 ,28
Bundesliga,2021,VfL Bochum,52250000,13 ,42
Bundesliga,2021,SpVgg Greuther Fürth,36950000,18 ,18
Premier-league,2011,Manchester City,498600000,1 ,89
Premier-league,2011,Manchester United,404100000,2 ,89
Premier-league,2011,FC Chelsea,375500000,6 ,64
Premier-league,2011,FC Arsenal,362430000,3 ,70
Premier-league,2011,Tottenham Hotspur,323500000,4 ,69
Premier-league,2011,FC Liverpool,236900000,8 ,52
Premier-league,2011,FC Everton,169950000,7 ,56
Premier-league,2011,Newcastle United,161700000,5 ,65
Premier-league,2011,AFC Sunderland,126500000,13 ,45
Premier-league,2011,Aston Villa,123500000,16 ,38
Premier-league,2011,FC Fulham,100000000,9 ,52
Premier-league,2011,Bolton Wanderers,90050000,18 ,36
Premier-league,2011,Stoke City,81650000,14 ,45
Premier-league,2011,Queens Park Rangers,81380000,17 ,37
Premier-league,2011,Blackburn Rovers,80000000,19 ,31
Premier-league,2011,Wolverhampton Wanderers,78050000,20 ,25
Premier-league,2011,Swansea City,75600000,11 ,47
Premier-league,2011,Wigan Athletic,74250000,15 ,43
Premier-league,2011,West Bromwich Albion,69550000,10 ,47
Premier-league,2011,Norwich City,58750000,12 ,47
Premier-league,2012,Manchester City,502100000,2 ,78
Premier-league,2012,Manchester United,457500000,1 ,89
Premier-league,2012,FC Chelsea,454250000,3 ,75
Premier-league,2012,FC Arsenal,296900000,4 ,73
Premier-league,2012,Tottenham Hotspur,296800000,5 ,72
Premier-league,2012,FC Liverpool,276100000,7 ,61
Premier-league,2012,Newcastle United,201750000,16 ,41
Premier-league,2012,FC Everton,139750000,6 ,63
Premier-league,2012,AFC Sunderland,133900000,17 ,39
Premier-league,2012,Queens Park Rangers,120050000,20 ,25
Premier-league,2012,FC Fulham,110850000,12 ,43
Premier-league,2012,Aston Villa,110500000,15 ,41
Premier-league,2012,Stoke City,104050000,13 ,42
Premier-league,2012,West Ham United,103000000,10 ,46
Premier-league,2012,Swansea City,102250000,9 ,46
Premier-league,2012,West Bromwich Albion,93000000,8 ,49
Premier-league,2012,Wigan Athletic,91550000,18 ,36
Premier-league,2012,FC Southampton,83050000,14 ,41
Premier-league,2012,Norwich City,73250000,11 ,44
Premier-league,2012,FC Reading,46250000,19 ,28
Premier-league,2013,FC Chelsea,584200000,3 ,82
Premier-league,2013,Manchester City,455800000,1 ,86
Premier-league,2013,Manchester United,402550000,7 ,64
Premier-league,2013,FC Arsenal,385750000,4 ,79
Premier-league,2013,FC Liverpool,315750000,2 ,84
Premier-league,2013,Tottenham Hotspur,288950000,6 ,69
Premier-league,2013,FC Everton,210000000,5 ,72
Premier-league,2013,Newcastle United,172300000,10 ,49
Premier-league,2013,FC Southampton,131500000,8 ,56
Premier-league,2013,Swansea City,128930000,12 ,42
Premier-league,2013,AFC Sunderland,122000000,14 ,38
Premier-league,2013,FC Fulham,112650000,19 ,32
Premier-league,2013,West Ham United,109500000,13 ,40
Premier-league,2013,Aston Villa,109500000,15 ,38
Premier-league,2013,Stoke City,104700000,9 ,50
Premier-league,2013,West Bromwich Albion,90800000,17 ,36
Premier-league,2013,Norwich City,89300000,18 ,33
Premier-league,2013,Cardiff City,87900000,20 ,30
Premier-league,2013,Crystal Palace,68700000,11 ,45
Premier-league,2013,Hull City,68150000,16 ,37
Premier-league,2014,FC Chelsea,557250000,1 ,87
Premier-league,2014,Manchester United,505400000,4 ,70
Premier-league,2014,Manchester City,448250000,2 ,79
Premier-league,2014,FC Arsenal,414750000,3 ,75
Premier-league,2014,FC Liverpool,324850000,6 ,62
Premier-league,2014,Tottenham Hotspur,304150000,5 ,64
Premier-league,2014,FC Southampton,210250000,7 ,60
Premier-league,2014,FC Everton,182850000,11 ,47
Premier-league,2014,Newcastle United,140000000,15 ,39
Premier-league,2014,West Ham United,135900000,12 ,47
Premier-league,2014,Swansea City,130750000,8 ,56
Premier-league,2014,Hull City,117100000,18 ,35
Premier-league,2014,Aston Villa,114250000,17 ,38
Premier-league,2014,Queens Park Rangers,112250000,20 ,30
Premier-league,2014,Stoke City,110500000,9 ,54
Premier-league,2014,Crystal Palace,97250000,10 ,48
Premier-league,2014,West Bromwich Albion,95950000,13 ,44
Premier-league,2014,AFC Sunderland,91000000,16 ,38
Premier-league,2014,Leicester City,66700000,14 ,41
Premier-league,2014,FC Burnley,52550000,19 ,33
Premier-league,2015,FC Chelsea,553500000,10 ,50
Premier-league,2015,Manchester City,499350000,4 ,66
Premier-league,2015,FC Arsenal,457850000,2 ,71
Premier-league,2015,Manchester United,439850000,5 ,66
Premier-league,2015,FC Liverpool,375250000,8 ,60
Premier-league,2015,Tottenham Hotspur,371850000,3 ,70
Premier-league,2015,FC Everton,249850000,11 ,47
Premier-league,2015,FC Southampton,225500000,6 ,63
Premier-league,2015,West Ham United,201330000,7 ,62
Premier-league,2015,Newcastle United,198000000,18 ,37
Premier-league,2015,Leicester City,161100000,1 ,81
Premier-league,2015,Stoke City,147000000,9 ,51
Premier-league,2015,Swansea City,145800000,12 ,47
Premier-league,2015,FC Watford,137000000,13 ,45
Premier-league,2015,Crystal Palace,135700000,15 ,42
Premier-league,2015,Aston Villa,117950000,20 ,17
Premier-league,2015,Norwich City,116900000,19 ,34
Premier-league,2015,West Bromwich Albion,113100000,14 ,43
Premier-league,2015,AFC Sunderland,111250000,17 ,39
Premier-league,2015,AFC Bournemouth,99900000,16 ,42
Premier-league,2016,FC Chelsea,686700000,1 ,93
Premier-league,2016,Manchester City,576500000,3 ,78
Premier-league,2016,Tottenham Hotspur,543650000,2 ,86
Premier-league,2016,FC Arsenal,542000000,5 ,75
Premier-league,2016,Manchester United,531450000,6 ,69
Premier-league,2016,FC Liverpool,425650000,4 ,76
Premier-league,2016,FC Everton,311250000,7 ,61
Premier-league,2016,West Ham United,273050000,11 ,45
Premier-league,2016,FC Southampton,263750000,8 ,46
Premier-league,2016,Crystal Palace,228430000,14 ,41
Premier-league,2016,Leicester City,218650000,12 ,44
Premier-league,2016,Stoke City,186000000,13 ,44
Premier-league,2016,FC Watford,175650000,17 ,40
Premier-league,2016,Swansea City,157100000,15 ,41
Premier-league,2016,Hull City,135850000,18 ,34
Premier-league,2016,AFC Sunderland,132000000,20 ,24
Premier-league,2016,AFC Bournemouth,131600000,9 ,46
Premier-league,2016,FC Middlesbrough,128800000,19 ,28
Premier-league,2016,West Bromwich Albion,123200000,10 ,45
Premier-league,2016,FC Burnley,107180000,16 ,40
Premier-league,2017,Manchester City,101 Mrd. €,1 ,100
Premier-league,2017,FC Chelsea,884250000,5 ,70
Premier-league,2017,FC Liverpool,857500000,4 ,75
Premier-league,2017,Manchester United,849500000,2 ,81
Premier-league,2017,Tottenham Hotspur,829600000,3 ,77
Premier-league,2017,FC Arsenal,694000000,6 ,63
Premier-league,2017,FC Everton,381250000,8 ,49
Premier-league,2017,Leicester City,304250000,9 ,47
Premier-league,2017,FC Southampton,297000000,17 ,36
Premier-league,2017,West Ham United,260600000,13 ,42
Premier-league,2017,Crystal Palace,220730000,11 ,44
Premier-league,2017,Newcastle United,208280000,10 ,44
Premier-league,2017,FC Watford,196000000,14 ,41
Premier-league,2017,Stoke City,192450000,19 ,33
Premier-league,2017,FC Burnley,169300000,7 ,54
Premier-league,2017,West Bromwich Albion,165950000,20 ,31
Premier-league,2017,Swansea City,165490000,18 ,33
Premier-league,2017,Brighton & Hove Albion,148200000,15 ,40
Premier-league,2017,AFC Bournemouth,144500000,12 ,44
Premier-league,2017,Huddersfield Town,106050000,16 ,37
Premier-league,2018,Manchester City,120 Mrd. €,1 ,98
Premier-league,2018,FC Liverpool,117 Mrd. €,2 ,97
Premier-league,2018,FC Chelsea,117 Mrd. €,3 ,72
Premier-league,2018,Tottenham Hotspur,898600000,4 ,71
Premier-league,2018,Manchester United,797600000,6 ,66
Premier-league,2018,FC Arsenal,659050000,5 ,70
Premier-league,2018,FC Everton,529100000,8 ,54
Premier-league,2018,Leicester City,434100000,9 ,52
Premier-league,2018,West Ham United,359000000,10 ,52
Premier-league,2018,AFC Bournemouth,310000000,14 ,45
Premier-league,2018,FC Southampton,305400000,16 ,39
Premier-league,2018,Wolverhampton Wanderers,302900000,7 ,57
Premier-league,2018,Crystal Palace,289000000,12 ,49
Premier-league,2018,FC Fulham,254250000,19 ,26
Premier-league,2018,Newcastle United,244650000,13 ,45
Premier-league,2018,FC Watford,239100000,11 ,50
Premier-league,2018,FC Burnley,197250000,15 ,40
Premier-league,2018,Brighton & Hove Albion,194350000,17 ,36
Premier-league,2018,Huddersfield Town,137450000,20 ,16
Premier-league,2018,Cardiff City,113000000,18 ,34
Premier-league,2019,Manchester City,105 Mrd. €,2 ,81
Premier-league,2019,FC Liverpool,100 Mrd. €,1 ,99
Premier-league,2019,Tottenham Hotspur,806800000,6 ,59
Premier-league,2019,FC Chelsea,705850000,4 ,66
Premier-league,2019,Manchester United,670450000,3 ,66
Premier-league,2019,FC Arsenal,607650000,8 ,56
Premier-league,2019,FC Everton,420550000,12 ,49
Premier-league,2019,Leicester City,411100000,5 ,62
Premier-league,2019,Wolverhampton Wanderers,320330000,7 ,59
Premier-league,2019,West Ham United,303600000,16 ,39
Premier-league,2019,AFC Bournemouth,272180000,18 ,34
Premier-league,2019,Newcastle United,252480000,13 ,44
Premier-league,2019,Aston Villa,231700000,17 ,35
Premier-league,2019,FC Southampton,210750000,11 ,52
Premier-league,2019,Brighton & Hove Albion,200780000,15 ,41
Premier-league,2019,FC Watford,199600000,19 ,34
Premier-league,2019,Crystal Palace,189330000,14 ,43
Premier-league,2019,FC Burnley,163880000,10 ,54
Premier-league,2019,Norwich City,145330000,20 ,21
Premier-league,2019,Sheffield United,138600000,9 ,54
Premier-league,2020,Manchester City,104 Mrd. €,1 ,86
Premier-league,2020,FC Liverpool,969650000,3 ,69
Premier-league,2020,FC Chelsea,889200000,4 ,67
Premier-league,2020,Manchester United,770050000,2 ,74
Premier-league,2020,Tottenham Hotspur,703500000,7 ,62
Premier-league,2020,FC Arsenal,619250000,8 ,61
Premier-league,2020,FC Everton,511200000,10 ,59
Premier-league,2020,Leicester City,510700000,5 ,66
Premier-league,2020,Wolverhampton Wanderers,450300000,13 ,45
Premier-league,2020,Aston Villa,430750000,11 ,55
Premier-league,2020,West Ham United,334900000,6 ,65
Premier-league,2020,Brighton & Hove Albion,290400000,16 ,41
Premier-league,2020,FC Southampton,282800000,15 ,43
Premier-league,2020,Newcastle United,255350000,12 ,45
Premier-league,2020,FC Fulham,239750000,18 ,28
Premier-league,2020,Leeds United,238100000,9 ,59
Premier-league,2020,Crystal Palace,193850000,14 ,44
Premier-league,2020,Sheffield United,149850000,20 ,23
Premier-league,2020,West Bromwich Albion,141150000,19 ,26
Premier-league,2020,FC Burnley,132300000,17 ,39
Premier-league,2021,Manchester City,100 Mrd. €,1 ,93
Premier-league,2021,FC Liverpool,918900000,2 ,92
Premier-league,2021,FC Chelsea,914500000,3 ,74
Premier-league,2021,Manchester United,769150000,6 ,58
Premier-league,2021,Tottenham Hotspur,689350000,4 ,71
Premier-league,2021,FC Arsenal,613050000,5 ,69
Premier-league,2021,Leicester City,526550000,8 ,52
Premier-league,2021,Aston Villa,487750000,14 ,45
Premier-league,2021,FC Everton,479050000,16 ,39
Premier-league,2021,Wolverhampton Wanderers,376950000,10 ,51
Premier-league,2021,West Ham United,354900000,7 ,56
Premier-league,2021,Brighton & Hove Albion,318000000,9 ,51
Premier-league,2021,Newcastle United,313900000,11 ,49
Premier-league,2021,Leeds United,299450000,17 ,38
Premier-league,2021,FC Southampton,274300000,15 ,40
Premier-league,2021,FC Brentford,273300000,13 ,46
Premier-league,2021,Crystal Palace,271050000,12 ,48
Premier-league,2021,Norwich City,163200000,20 ,22
Premier-league,2021,FC Watford,156200000,19 ,23
Premier-league,2021,FC Burnley,138050000,18 ,35
Laliga,2011,FC Barcelona,618200000,2 ,91
Laliga,2011,Real Madrid,539200000,1 ,100
Laliga,2011,Atlético Madrid,210000000,5 ,56
Laliga,2011,FC Valencia,181000000,3 ,61
Laliga,2011,Athletic Bilbao,144200000,10 ,49
Laliga,2011,FC Villarreal,137000000,18 ,41
Laliga,2011,FC Sevilla,133000000,9 ,50
Laliga,2011,FC Málaga,121300000,4 ,58
Laliga,2011,Espanyol Barcelona,81200000,14 ,46
Laliga,2011,Real Sociedad San Sebastián,74700000,12 ,47
Laliga,2011,FC Getafe,70950000,11 ,47
Laliga,2011,RCD Mallorca,62200000,8 ,52
Laliga,2011,Real Saragossa,61000000,16 ,43
Laliga,2011,FC Granada,60600000,17 ,42
Laliga,2011,Sporting Gijón,53400000,19 ,37
Laliga,2011,Real Betis Sevilla,52700000,13 ,47
Laliga,2011,Rayo Vallecano,47300000,15 ,43
Laliga,2011,CA Osasuna,44400000,7 ,54
Laliga,2011,Racing Santander,42600000,20 ,27
Laliga,2011,UD Levante,40250000,6 ,55
Laliga,2012,FC Barcelona,586600000,1 ,100
Laliga,2012,Real Madrid,582400000,2 ,85
Laliga,2012,Atlético Madrid,267000000,3 ,76
Laliga,2012,FC Valencia,172900000,5 ,65
Laliga,2012,FC Sevilla,144800000,9 ,50
Laliga,2012,FC Málaga,122900000,6 ,57
Laliga,2012,Athletic Bilbao,119850000,12 ,45
Laliga,2012,Real Sociedad San Sebastián,113300000,4 ,66
Laliga,2012,FC Granada,72800000,15 ,42
Laliga,2012,FC Getafe,68300000,10 ,47
Laliga,2012,Real Betis Sevilla,66200000,7 ,56
Laliga,2012,Espanyol Barcelona,64100000,13 ,44
Laliga,2012,Rayo Vallecano,49750000,8 ,53
Laliga,2012,Celta Vigo,49100000,17 ,37
Laliga,2012,RCD Mallorca,47100000,18 ,36
Laliga,2012,Real Saragossa,46800000,20 ,34
Laliga,2012,CA Osasuna,46400000,16 ,39
Laliga,2012,Deportivo La Coruna,45600000,19 ,35
Laliga,2012,UD Levante,41100000,11 ,46
Laliga,2012,Real Valladolid,38800000,14 ,43
Laliga,2013,Real Madrid,636800000,3 ,87
Laliga,2013,FC Barcelona,592200000,2 ,87
Laliga,2013,Atlético Madrid,308800000,1 ,90
Laliga,2013,FC Valencia,178800000,8 ,49
Laliga,2013,FC Sevilla,141150000,5 ,63
Laliga,2013,Real Sociedad San Sebastián,136700000,7 ,59
Laliga,2013,Athletic Bilbao,130700000,4 ,70
Laliga,2013,FC Villarreal,77300000,6 ,59
Laliga,2013,FC Málaga,62500000,11 ,45
Laliga,2013,Real Betis Sevilla,58600000,20 ,25
Laliga,2013,FC Granada,57480000,15 ,41
Laliga,2013,FC Getafe,55900000,13 ,42
Laliga,2013,Espanyol Barcelona,51300000,14 ,42
Laliga,2013,Celta Vigo,49900000,9 ,49
Laliga,2013,Rayo Vallecano,46100000,12 ,43
Laliga,2013,FC Elche,44600000,16 ,40
Laliga,2013,UD Levante,42400000,10 ,48
Laliga,2013,CA Osasuna,42300000,18 ,39
Laliga,2013,Real Valladolid,41200000,19 ,36
Laliga,2013,UD Almería,36450000,17 ,40
Laliga,2014,Real Madrid,788800000,2 ,92
Laliga,2014,FC Barcelona,603800000,1 ,94
Laliga,2014,Atlético Madrid,356000000,3 ,78
Laliga,2014,FC Valencia,230000000,4 ,77
Laliga,2014,FC Sevilla,166750000,5 ,76
Laliga,2014,FC Villarreal,132700000,6 ,60
Laliga,2014,Athletic Bilbao,112100000,7 ,55
Laliga,2014,Real Sociedad San Sebastián,96800000,12 ,46
Laliga,2014,FC Málaga,82800000,9 ,50
Laliga,2014,Espanyol Barcelona,75700000,10 ,49
Laliga,2014,FC Granada,67550000,17 ,35
Laliga,2014,Celta Vigo,60400000,8 ,51
Laliga,2014,Deportivo La Coruna,53900000,16 ,35
Laliga,2014,Rayo Vallecano,51700000,11 ,49
Laliga,2014,FC Córdoba,50900000,20 ,20
Laliga,2014,FC Getafe,50200000,15 ,37
Laliga,2014,UD Levante,43450000,14 ,37
Laliga,2014,FC Elche,38600000,13 ,41
Laliga,2014,UD Almería,38300000,19 ,29
Laliga,2014,SD Eibar,29900000,18 ,35
Laliga,2015,FC Barcelona,726000000,1 ,91
Laliga,2015,Real Madrid,714300000,2 ,90
Laliga,2015,Atlético Madrid,418500000,3 ,88
Laliga,2015,FC Valencia,254000000,12 ,44
Laliga,2015,FC Sevilla,230300000,7 ,52
Laliga,2015,Athletic Bilbao,148000000,5 ,62
Laliga,2015,FC Villarreal,140600000,4 ,64
Laliga,2015,Real Sociedad San Sebastián,119400000,9 ,48
Laliga,2015,Celta Vigo,91100000,6 ,60
Laliga,2015,FC Málaga,77950000,8 ,48
Laliga,2015,FC Granada,71500000,16 ,39
Laliga,2015,Espanyol Barcelona,62200000,14 ,43
Laliga,2015,Deportivo La Coruna,61750000,15 ,42
Laliga,2015,SD Eibar,56600000,13 ,43
Laliga,2015,Real Betis Sevilla,56400000,10 ,45
Laliga,2015,Sporting Gijón,53200000,17 ,39
Laliga,2015,UD Levante,53100000,20 ,32
Laliga,2015,Rayo Vallecano,49600000,18 ,38
Laliga,2015,FC Getafe,49100000,19 ,36
Laliga,2015,UD Las Palmas,32200000,11 ,44
Laliga,2016,Real Madrid,802900000,1 ,93
Laliga,2016,FC Barcelona,765300000,2 ,90
Laliga,2016,Atlético Madrid,515800000,3 ,78
Laliga,2016,FC Sevilla,270100000,4 ,72
Laliga,2016,FC Valencia,257500000,12 ,46
Laliga,2016,FC Villarreal,190700000,5 ,67
Laliga,2016,Athletic Bilbao,172600000,7 ,63
Laliga,2016,Real Sociedad San Sebastián,156450000,6 ,64
Laliga,2016,Celta Vigo,122400000,13 ,45
Laliga,2016,Deportivo La Coruna,94000000,16 ,36
Laliga,2016,Deportivo Alavés,85400000,9 ,55
Laliga,2016,FC Málaga,84300000,11 ,46
Laliga,2016,UD Las Palmas,84300000,14 ,39
Laliga,2016,Real Betis Sevilla,84200000,15 ,39
Laliga,2016,Espanyol Barcelona,80800000,8 ,56
Laliga,2016,SD Eibar,67950000,10 ,54
Laliga,2016,FC Granada,66450000,20 ,20
Laliga,2016,CD Leganés,53150000,17 ,35
Laliga,2016,Sporting Gijón,46750000,18 ,31
Laliga,2016,CA Osasuna,42900000,19 ,22
Laliga,2017,FC Barcelona,109 Mrd. €,1 ,93
Laliga,2017,Real Madrid,955350000,3 ,76
Laliga,2017,Atlético Madrid,711150000,2 ,79
Laliga,2017,FC Valencia,398050000,4 ,73
Laliga,2017,FC Sevilla,253200000,7 ,58
Laliga,2017,Athletic Bilbao,249400000,16 ,43
Laliga,2017,Real Sociedad San Sebastián,232950000,12 ,49
Laliga,2017,FC Villarreal,220000000,5 ,61
Laliga,2017,Celta Vigo,173050000,13 ,49
Laliga,2017,Real Betis Sevilla,132250000,6 ,60
Laliga,2017,Espanyol Barcelona,97800000,11 ,49
Laliga,2017,UD Las Palmas,91250000,19 ,22
Laliga,2017,FC Girona,81750000,10 ,51
Laliga,2017,Deportivo Alavés,74800000,14 ,47
Laliga,2017,Deportivo La Coruna,66450000,18 ,29
Laliga,2017,FC Getafe,65600000,8 ,55
Laliga,2017,UD Levante,61850000,15 ,46
Laliga,2017,SD Eibar,60050000,9 ,51
Laliga,2017,CD Leganés,58550000,17 ,43
Laliga,2017,FC Málaga,55200000,20 ,20
Laliga,2018,FC Barcelona,116 Mrd. €,1 ,87
Laliga,2018,Atlético Madrid,969700000,2 ,76
Laliga,2018,Real Madrid,896100000,3 ,68
Laliga,2018,FC Valencia,499650000,4 ,61
Laliga,2018,FC Sevilla,306300000,6 ,59
Laliga,2018,Real Sociedad San Sebastián,300950000,9 ,50
Laliga,2018,Real Betis Sevilla,290750000,10 ,50
Laliga,2018,Athletic Bilbao,234250000,8 ,53
Laliga,2018,Celta Vigo,234100000,17 ,41
Laliga,2018,FC Villarreal,230650000,14 ,44
Laliga,2018,Espanyol Barcelona,174700000,7 ,53
Laliga,2018,FC Getafe,132200000,5 ,59
Laliga,2018,CD Leganés,112450000,13 ,45
Laliga,2018,Deportivo Alavés,110800000,11 ,50
Laliga,2018,UD Levante,107850000,15 ,44
Laliga,2018,FC Girona,97250000,18 ,37
Laliga,2018,SD Eibar,93900000,12 ,47
Laliga,2018,Rayo Vallecano,86700000,20 ,32
Laliga,2018,Real Valladolid,83000000,16 ,41
Laliga,2018,SD Huesca,61400000,19 ,33
Laliga,2019,FC Barcelona,930280000,2 ,82
Laliga,2019,Real Madrid,913750000,1 ,87
Laliga,2019,Atlético Madrid,720150000,3 ,70
Laliga,2019,FC Valencia,427800000,9 ,53
Laliga,2019,Real Sociedad San Sebastián,347550000,6 ,56
Laliga,2019,FC Sevilla,294750000,4 ,70
Laliga,2019,Real Betis Sevilla,244350000,15 ,41
Laliga,2019,Athletic Bilbao,211750000,11 ,51
Laliga,2019,FC Villarreal,208680000,5 ,60
Laliga,2019,FC Getafe,175450000,8 ,54
Laliga,2019,Celta Vigo,167000000,17 ,37
Laliga,2019,Espanyol Barcelona,156050000,20 ,25
Laliga,2019,CD Leganés,109700000,18 ,36
Laliga,2019,Deportivo Alavés,106750000,16 ,39
Laliga,2019,UD Levante,90500000,12 ,49
Laliga,2019,Real Valladolid,87780000,13 ,42
Laliga,2019,RCD Mallorca,64680000,19 ,33
Laliga,2019,CA Osasuna,62780000,10 ,52
Laliga,2019,FC Granada,56580000,7 ,56
Laliga,2019,SD Eibar,53750000,14 ,42
Laliga,2020,FC Barcelona,813500000,3 ,79
Laliga,2020,Real Madrid,787300000,2 ,84
Laliga,2020,Atlético Madrid,773100000,1 ,86
Laliga,2020,FC Sevilla,418250000,4 ,77
Laliga,2020,Real Sociedad San Sebastián,406600000,5 ,62
Laliga,2020,FC Villarreal,292600000,7 ,58
Laliga,2020,FC Valencia,278850000,13 ,43
Laliga,2020,Real Betis Sevilla,207700000,6 ,61
Laliga,2020,Athletic Bilbao,204150000,9 ,46
Laliga,2020,FC Getafe,170100000,15 ,38
Laliga,2020,Celta Vigo,155850000,8 ,53
Laliga,2020,FC Granada,122650000,10 ,46
Laliga,2020,UD Levante,113000000,14 ,41
Laliga,2020,CA Osasuna,96750000,11 ,44
Laliga,2020,SD Eibar,83400000,20 ,30
Laliga,2020,Deportivo Alavés,79800000,16 ,38
Laliga,2020,SD Huesca,64100000,18 ,34
Laliga,2020,Real Valladolid,63050000,19 ,31
Laliga,2020,FC Cádiz,47650000,12 ,44
Laliga,2020,FC Elche,45650000,17 ,36
Laliga,2021,Real Madrid,770750000,1 ,86
Laliga,2021,FC Barcelona,735600000,2 ,73
Laliga,2021,Atlético Madrid,661800000,3 ,71
Laliga,2021,FC Villarreal,408900000,7 ,59
Laliga,2021,FC Sevilla,385000000,4 ,70
Laliga,2021,Real Sociedad San Sebastián,376950000,6 ,62
Laliga,2021,FC Valencia,310600000,9 ,48
Laliga,2021,Real Betis Sevilla,259000000,5 ,65
Laliga,2021,Athletic Bilbao,226050000,8 ,55
Laliga,2021,FC Getafe,208680000,15 ,39
Laliga,2021,Espanyol Barcelona,131600000,14 ,42
Laliga,2021,Celta Vigo,120000000,11 ,46
Laliga,2021,CA Osasuna,108450000,10 ,47
Laliga,2021,FC Granada,103750000,18 ,38
Laliga,2021,UD Levante,77900000,19 ,35
Laliga,2021,RCD Mallorca,74150000,16 ,39
Laliga,2021,FC Elche,72980000,13 ,42
Laliga,2021,FC Cádiz,67800000,17 ,39
Laliga,2021,Rayo Vallecano,67200000,12 ,42
Laliga,2021,Deportivo Alavés,65350000,20 ,31
Ligue-1,2011,FC Paris Saint-Germain,211100000,2 ,79
Ligue-1,2011,Olympique Lyon,163850000,4 ,64
Ligue-1,2011,Olympique Marseille,146500000,10 ,48
Ligue-1,2011,LOSC Lille,145350000,3 ,74
Ligue-1,2011,FC Stade Rennes,101800000,6 ,60
Ligue-1,2011,Montpellier HSC,86200000,1 ,82
Ligue-1,2011,AS Saint-Étienne,85600000,7 ,57
Ligue-1,2011,FC Toulouse,83050000,8 ,56
Ligue-1,2011,FC Girondins Bordeaux,82050000,5 ,61
Ligue-1,2011,FC Sochaux-Montbéliard,58800000,14 ,42
Ligue-1,2011,FC Lorient,54050000,17 ,39
Ligue-1,2011,AS Nancy-Lorraine,53900000,11 ,45
Ligue-1,2011,OGC Nizza,52450000,13 ,42
Ligue-1,2011,AJ Auxerre,50900000,20 ,34
Ligue-1,2011,FC Valenciennes,44500000,12 ,43
Ligue-1,2011,Stade Brest 29,43200000,15 ,41
Ligue-1,2011,Dijon FCO,36800000,19 ,36
Ligue-1,2011,FC Évian Thonon Gaillard,32900000,9 ,50
Ligue-1,2011,SM Caen,31800000,18 ,38
Ligue-1,2011,AC Ajaccio,26550000,16 ,41
Ligue-1,2012,FC Paris Saint-Germain,313600000,1 ,83
Ligue-1,2012,Olympique Lyon,155650000,3 ,67
Ligue-1,2012,Olympique Marseille,150650000,2 ,71
Ligue-1,2012,LOSC Lille,114600000,6 ,62
Ligue-1,2012,FC Stade Rennes,97800000,13 ,46
Ligue-1,2012,AS Saint-Étienne,97600000,5 ,63
Ligue-1,2012,FC Toulouse,82000000,10 ,51
Ligue-1,2012,FC Girondins Bordeaux,80950000,7 ,55
Ligue-1,2012,Montpellier HSC,78700000,9 ,52
Ligue-1,2012,FC Lorient,63750000,8 ,53
Ligue-1,2012,OGC Nizza,59150000,4 ,64
Ligue-1,2012,FC Valenciennes,49750000,11 ,48
Ligue-1,2012,FC Sochaux-Montbéliard,46850000,15 ,41
Ligue-1,2012,AS Nancy-Lorraine,36850000,18 ,38
Ligue-1,2012,Stade Brest 29,36100000,20 ,29
Ligue-1,2012,SC Bastia,36050000,12 ,47
Ligue-1,2012,FC Évian Thonon Gaillard,34550000,16 ,40
Ligue-1,2012,AC Ajaccio,34100000,17 ,40
Ligue-1,2012,Stade Reims,29500000,14 ,43
Ligue-1,2012,ESTAC Troyes,21800000,19 ,37
Ligue-1,2013,FC Paris Saint-Germain,402300000,1 ,89
Ligue-1,2013,AS Monaco,242550000,2 ,80
Ligue-1,2013,Olympique Marseille,141300000,6 ,60
Ligue-1,2013,Olympique Lyon,108500000,5 ,61
Ligue-1,2013,AS Saint-Étienne,105400000,4 ,69
Ligue-1,2013,FC Stade Rennes,92600000,12 ,46
Ligue-1,2013,LOSC Lille,74100000,3 ,71
Ligue-1,2013,FC Toulouse,67400000,9 ,49
Ligue-1,2013,FC Girondins Bordeaux,62700000,7 ,53
Ligue-1,2013,FC Lorient,57150000,8 ,49
Ligue-1,2013,OGC Nizza,56100000,17 ,42
Ligue-1,2013,Montpellier HSC,52350000,15 ,42
Ligue-1,2013,FC Sochaux-Montbéliard,47450000,18 ,40
Ligue-1,2013,FC Nantes,39550000,13 ,46
Ligue-1,2013,Stade Reims,38730000,11 ,48
Ligue-1,2013,FC Valenciennes,36650000,19 ,29
Ligue-1,2013,SC Bastia,35600000,10 ,49
Ligue-1,2013,FC Évian Thonon Gaillard,35000000,14 ,44
Ligue-1,2013,AC Ajaccio,28300000,20 ,23
Ligue-1,2013,EA Guingamp,21430000,16 ,42
Ligue-1,2014,FC Paris Saint-Germain,363900000,1 ,83
Ligue-1,2014,AS Monaco,187700000,3 ,71
Ligue-1,2014,Olympique Lyon,144650000,2 ,75
Ligue-1,2014,Olympique Marseille,139700000,4 ,69
Ligue-1,2014,AS Saint-Étienne,83350000,5 ,69
Ligue-1,2014,LOSC Lille,82650000,8 ,56
Ligue-1,2014,FC Girondins Bordeaux,71500000,6 ,63
Ligue-1,2014,FC Stade Rennes,66000000,9 ,50
Ligue-1,2014,FC Lorient,59950000,16 ,43
Ligue-1,2014,OGC Nizza,56250000,11 ,48
Ligue-1,2014,Montpellier HSC,51950000,7 ,56
Ligue-1,2014,FC Toulouse,48800000,17 ,42
Ligue-1,2014,FC Nantes,46850000,14 ,45
Ligue-1,2014,Stade Reims,39250000,15 ,44
Ligue-1,2014,EA Guingamp,36250000,10 ,49
Ligue-1,2014,FC Évian Thonon Gaillard,36150000,18 ,37
Ligue-1,2014,SC Bastia,34250000,12 ,47
Ligue-1,2014,SM Caen,32400000,13 ,46
Ligue-1,2014,FC Metz,29850000,19 ,30
Ligue-1,2014,RC Lens,27200000,20 ,29
Ligue-1,2015,FC Paris Saint-Germain,436300000,1 ,96
Ligue-1,2015,AS Monaco,227400000,3 ,65
Ligue-1,2015,Olympique Lyon,166300000,2 ,65
Ligue-1,2015,Olympique Marseille,129500000,13 ,48
Ligue-1,2015,AS Saint-Étienne,97200000,6 ,58
Ligue-1,2015,FC Stade Rennes,94150000,8 ,52
Ligue-1,2015,FC Girondins Bordeaux,90700000,11 ,50
Ligue-1,2015,OGC Nizza,70950000,4 ,63
Ligue-1,2015,LOSC Lille,70800000,5 ,60
Ligue-1,2015,FC Lorient,58050000,15 ,46
Ligue-1,2015,Montpellier HSC,44400000,12 ,49
Ligue-1,2015,Stade Reims,42950000,18 ,39
Ligue-1,2015,FC Toulouse,42900000,17 ,40
Ligue-1,2015,FC Nantes,39300000,14 ,48
Ligue-1,2015,SM Caen,36800000,7 ,54
Ligue-1,2015,EA Guingamp,33500000,16 ,44
Ligue-1,2015,Angers SCO,32350000,9 ,50
Ligue-1,2015,ESTAC Troyes,30700000,20 ,18
Ligue-1,2015,SC Bastia,24250000,10 ,50
Ligue-1,2015,GFC Ajaccio,18400000,19 ,37
Ligue-1,2016,FC Paris Saint-Germain,519000000,2 ,87
Ligue-1,2016,AS Monaco,309550000,1 ,95
Ligue-1,2016,Olympique Lyon,211350000,4 ,67
Ligue-1,2016,OGC Nizza,132800000,3 ,78
Ligue-1,2016,Olympique Marseille,119650000,5 ,62
Ligue-1,2016,FC Girondins Bordeaux,88900000,6 ,59
Ligue-1,2016,AS Saint-Étienne,85030000,8 ,50
Ligue-1,2016,LOSC Lille,83900000,11 ,46
Ligue-1,2016,FC Stade Rennes,80900000,9 ,50
Ligue-1,2016,FC Toulouse,77300000,13 ,44
Ligue-1,2016,FC Lorient,61100000,18 ,36
Ligue-1,2016,Montpellier HSC,60950000,15 ,39
Ligue-1,2016,FC Nantes,50900000,7 ,51
Ligue-1,2016,Angers SCO,46080000,12 ,46
Ligue-1,2016,EA Guingamp,42500000,10 ,50
Ligue-1,2016,FC Metz,37550000,14 ,43
Ligue-1,2016,SM Caen,36650000,17 ,37
Ligue-1,2016,SC Bastia,36450000,20 ,34
Ligue-1,2016,AS Nancy-Lorraine,33100000,19 ,35
Ligue-1,2016,Dijon FCO,31200000,16 ,37
Ligue-1,2017,FC Paris Saint-Germain,900100000,1 ,93
Ligue-1,2017,AS Monaco,529800000,2 ,80
Ligue-1,2017,Olympique Lyon,363800000,3 ,78
Ligue-1,2017,Olympique Marseille,236800000,4 ,77
Ligue-1,2017,OGC Nizza,204100000,8 ,54
Ligue-1,2017,FC Girondins Bordeaux,155450000,6 ,55
Ligue-1,2017,FC Stade Rennes,131250000,5 ,58
Ligue-1,2017,FC Toulouse,110450000,18 ,37
Ligue-1,2017,AS Saint-Étienne,106880000,7 ,55
Ligue-1,2017,FC Nantes,105700000,9 ,52
Ligue-1,2017,LOSC Lille,96750000,17 ,38
Ligue-1,2017,Montpellier HSC,71850000,10 ,51
Ligue-1,2017,Dijon FCO,70300000,11 ,48
Ligue-1,2017,Amiens SC,69850000,13 ,45
Ligue-1,2017,Angers SCO,69550000,14 ,41
Ligue-1,2017,SM Caen,60100000,16 ,38
Ligue-1,2017,EA Guingamp,51900000,12 ,47
Ligue-1,2017,FC Metz,51200000,20 ,26
Ligue-1,2017,RC Straßburg Alsace,45600000,15 ,38
Ligue-1,2017,ESTAC Troyes,45050000,19 ,33
Ligue-1,2018,FC Paris Saint-Germain,101 Mrd. €,1 ,91
Ligue-1,2018,Olympique Lyon,467950000,3 ,72
Ligue-1,2018,AS Monaco,385830000,17 ,36
Ligue-1,2018,LOSC Lille,267550000,2 ,75
Ligue-1,2018,Olympique Marseille,258350000,5 ,61
Ligue-1,2018,OGC Nizza,183200000,7 ,56
Ligue-1,2018,FC Girondins Bordeaux,179000000,14 ,41
Ligue-1,2018,FC Stade Rennes,168450000,10 ,52
Ligue-1,2018,AS Saint-Étienne,131250000,4 ,66
Ligue-1,2018,FC Nantes,119500000,12 ,48
Ligue-1,2018,FC Toulouse,113250000,16 ,38
Ligue-1,2018,Montpellier HSC,109850000,6 ,59
Ligue-1,2018,RC Straßburg Alsace,98000000,11 ,49
Ligue-1,2018,Nîmes Olympique,88150000,9 ,53
Ligue-1,2018,Stade Reims,86950000,8 ,55
Ligue-1,2018,Angers SCO,79700000,13 ,46
Ligue-1,2018,EA Guingamp,70650000,20 ,27
Ligue-1,2018,Amiens SC,70500000,15 ,38
Ligue-1,2018,SM Caen,67550000,19 ,33
Ligue-1,2018,Dijon FCO,65800000,18 ,34
Ligue-1,2019,FC Paris Saint-Germain,874150000,1 ,68
Ligue-1,2019,Olympique Lyon,384550000,7 ,40
Ligue-1,2019,AS Monaco,331030000,9 ,40
Ligue-1,2019,LOSC Lille,247780000,4 ,49
Ligue-1,2019,Olympique Marseille,216150000,2 ,56
Ligue-1,2019,OGC Nizza,173450000,6 ,41
Ligue-1,2019,FC Stade Rennes,171880000,3 ,50
Ligue-1,2019,FC Girondins Bordeaux,125350000,12 ,37
Ligue-1,2019,FC Nantes,106150000,13 ,37
Ligue-1,2019,AS Saint-Étienne,104830000,17 ,30
Ligue-1,2019,RC Straßburg Alsace,91130000,10 ,38
Ligue-1,2019,Angers SCO,89480000,11 ,39
Ligue-1,2019,Montpellier HSC,81680000,8 ,40
Ligue-1,2019,Stade Reims,81680000,5 ,41
Ligue-1,2019,FC Toulouse,71880000,20 ,13
Ligue-1,2019,Amiens SC,61930000,19 ,23
Ligue-1,2019,FC Metz,54100000,15 ,34
Ligue-1,2019,Dijon FCO,50230000,16 ,30
Ligue-1,2019,Nîmes Olympique,49650000,18 ,27
Ligue-1,2019,Stade Brest 29,47780000,14 ,34
Ligue-1,2020,FC Paris Saint-Germain,805000000,2 ,82
Ligue-1,2020,Olympique Lyon,431350000,4 ,76
Ligue-1,2020,AS Monaco,370350000,3 ,78
Ligue-1,2020,LOSC Lille,323200000,1 ,83
Ligue-1,2020,FC Stade Rennes,297500000,6 ,58
Ligue-1,2020,Olympique Marseille,251400000,5 ,60
Ligue-1,2020,OGC Nizza,236100000,9 ,52
Ligue-1,2020,AS Saint-Étienne,154500000,11 ,46
Ligue-1,2020,Montpellier HSC,113850000,8 ,54
Ligue-1,2020,Angers SCO,111650000,13 ,44
Ligue-1,2020,RC Straßburg Alsace,109650000,15 ,42
Ligue-1,2020,FC Girondins Bordeaux,105700000,12 ,45
Ligue-1,2020,Stade Reims,105180000,14 ,42
Ligue-1,2020,RC Lens,104300000,7 ,57
Ligue-1,2020,FC Metz,103500000,10 ,47
Ligue-1,2020,Stade Brest 29,103230000,17 ,41
Ligue-1,2020,FC Nantes,94750000,18 ,40
Ligue-1,2020,FC Lorient,72880000,16 ,42
Ligue-1,2020,Dijon FCO,65630000,20 ,21
Ligue-1,2020,Nîmes Olympique,60400000,19 ,35
Ligue-1,2021,FC Paris Saint-Germain,875150000,1 ,86
Ligue-1,2021,Olympique Lyon,397700000,8 ,61
Ligue-1,2021,AS Monaco,396000000,3 ,69
Ligue-1,2021,LOSC Lille,306880000,10 ,55
Ligue-1,2021,FC Stade Rennes,305350000,4 ,66
Ligue-1,2021,Olympique Marseille,284700000,2 ,71
Ligue-1,2021,OGC Nizza,266050000,5 ,66
Ligue-1,2021,RC Lens,154050000,7 ,62
Ligue-1,2021,Stade Reims,149400000,12 ,46
Ligue-1,2021,Montpellier HSC,144600000,13 ,43
Ligue-1,2021,RC Straßburg Alsace,120050000,6 ,63
Ligue-1,2021,FC Girondins Bordeaux,116850000,20 ,31
Ligue-1,2021,FC Nantes,112650000,9 ,55
Ligue-1,2021,AS Saint-Étienne,105650000,18 ,32
Ligue-1,2021,Stade Brest 29,103150000,11 ,48
Ligue-1,2021,FC Metz,91050000,19 ,31
Ligue-1,2021,Angers SCO,89500000,14 ,41
Ligue-1,2021,ESTAC Troyes,73200000,15 ,38
Ligue-1,2021,FC Lorient,61300000,16 ,36
Ligue-1,2021,Clermont Foot 63,55100000,17 ,36
Serie-a,2011,FC Internazionale,303050000,6 ,58
Serie-a,2011,AC Mailand,273530000,2 ,80
Serie-a,2011,Juventus Turin,262280000,1 ,84
Serie-a,2011,SSC Neapel,204750000,5 ,61
Serie-a,2011,AS Rom,172780000,7 ,56
Serie-a,2011,Udinese Calcio,140130000,3 ,64
Serie-a,2011,AC Florenz,130830000,13 ,46
Serie-a,2011,US Palermo,119050000,16 ,43
Serie-a,2011,Lazio Rom,113630000,4 ,62
Serie-a,2011,Genua CFC,104300000,17 ,42
Serie-a,2011,Parma FC,82350000,8 ,56
Serie-a,2011,Cagliari Calcio,71650000,15 ,43
Serie-a,2011,Atalanta Bergamo,67580000,12 ,46
Serie-a,2011,FC Bologna,63900000,9 ,51
Serie-a,2011,Catania Calcio,59250000,11 ,48
Serie-a,2011,Chievo Verona,44800000,10 ,49
Serie-a,2011,AC Siena,39330000,14 ,44
Serie-a,2011,AC Cesena,39030000,20 ,22
Serie-a,2011,US Lecce,37530000,18 ,36
Serie-a,2011,Novara Calcio,28430000,19 ,32
Serie-a,2012,Juventus Turin,337900000,1 ,87
Serie-a,2012,FC Internazionale,242800000,9 ,54
Serie-a,2012,AC Mailand,238530000,3 ,72
Serie-a,2012,SSC Neapel,237250000,2 ,78
Serie-a,2012,AC Florenz,213650000,4 ,70
Serie-a,2012,AS Rom,173400000,6 ,62
Serie-a,2012,Lazio Rom,143280000,7 ,61
Serie-a,2012,Udinese Calcio,121000000,5 ,66
Serie-a,2012,Genua CFC,98500000,17 ,38
Serie-a,2012,Sampdoria Genua,85930000,14 ,42
Serie-a,2012,Parma FC,85780000,10 ,49
Serie-a,2012,US Palermo,80950000,18 ,32
Serie-a,2012,FC Bologna,78550000,13 ,44
Serie-a,2012,Catania Calcio,76480000,8 ,56
Serie-a,2012,Cagliari Calcio,76380000,11 ,47
Serie-a,2012,Atalanta Bergamo,74100000,15 ,40
Serie-a,2012,FC Turin,61600000,16 ,39
Serie-a,2012,Chievo Verona,55100000,12 ,45
Serie-a,2012,Delfino Pescara 1936,47800000,20 ,22
Serie-a,2012,AC Siena,47480000,19 ,30
Serie-a,2013,Juventus Turin,391450000,1 ,102
Serie-a,2013,FC Internazionale,292650000,5 ,60
Serie-a,2013,SSC Neapel,276600000,3 ,78
Serie-a,2013,AC Mailand,263950000,8 ,57
Serie-a,2013,AC Florenz,249130000,4 ,65
Serie-a,2013,AS Rom,246400000,2 ,85
Serie-a,2013,Lazio Rom,162950000,9 ,56
Serie-a,2013,Udinese Calcio,123950000,13 ,44
Serie-a,2013,Genua CFC,102100000,14 ,44
Serie-a,2013,Parma FC,89780000,6 ,58
Serie-a,2013,US Sassuolo,87850000,17 ,34
Serie-a,2013,Cagliari Calcio,86200000,15 ,39
Serie-a,2013,Sampdoria Genua,83480000,12 ,45
Serie-a,2013,FC Turin,80250000,7 ,57
Serie-a,2013,Catania Calcio,78980000,18 ,32
Serie-a,2013,Atalanta Bergamo,73930000,11 ,50
Serie-a,2013,AS Livorno,71180000,20 ,25
Serie-a,2013,FC Bologna,69830000,19 ,29
Serie-a,2013,Chievo Verona,69080000,16 ,36
Serie-a,2013,Hellas Verona,67130000,10 ,54
Serie-a,2014,Juventus Turin,329000000,1 ,87
Serie-a,2014,AS Rom,276780000,2 ,70
Serie-a,2014,SSC Neapel,262180000,5 ,63
Serie-a,2014,Inter Mailand,260700000,8 ,55
Serie-a,2014,AC Mailand,236130000,10 ,52
Serie-a,2014,AC Florenz,216130000,4 ,64
Serie-a,2014,Lazio Rom,167550000,3 ,69
Serie-a,2014,Sampdoria Genua,132230000,7 ,56
Serie-a,2014,Genua CFC,117330000,6 ,59
Serie-a,2014,Udinese Calcio,107180000,16 ,41
Serie-a,2014,US Palermo,92600000,11 ,49
Serie-a,2014,US Sassuolo,91030000,12 ,49
Serie-a,2014,Atalanta Bergamo,83480000,17 ,37
Serie-a,2014,FC Turin,82580000,9 ,54
Serie-a,2014,Cagliari Calcio,74700000,18 ,34
Serie-a,2014,Parma FC,65950000,20 ,19
Serie-a,2014,Chievo Verona,62050000,14 ,43
Serie-a,2014,Empoli FC,54030000,15 ,42
Serie-a,2014,Hellas Verona,41800000,13 ,46
Serie-a,2014,AC Cesena,34150000,19 ,24
Serie-a,2015,Juventus Turin,440000000,1 ,91
Serie-a,2015,AS Rom,332900000,3 ,80
Serie-a,2015,SSC Neapel,321930000,2 ,82
Serie-a,2015,Inter Mailand,294280000,4 ,67
Serie-a,2015,AC Mailand,213830000,7 ,57
Serie-a,2015,AC Florenz,190530000,5 ,64
Serie-a,2015,Lazio Rom,175300000,8 ,54
Serie-a,2015,Sampdoria Genua,126530000,15 ,40
Serie-a,2015,Genua CFC,117550000,10 ,46
Serie-a,2015,US Sassuolo,97000000,6 ,61
Serie-a,2015,Udinese Calcio,93000000,17 ,39
Serie-a,2015,FC Turin,89830000,12 ,45
Serie-a,2015,Atalanta Bergamo,78450000,13 ,45
Serie-a,2015,FC Bologna,75230000,14 ,42
Serie-a,2015,Empoli FC,74600000,11 ,46
Serie-a,2015,US Palermo,68680000,16 ,39
Serie-a,2015,Carpi FC 1909,52050000,18 ,38
Serie-a,2015,Chievo Verona,49780000,9 ,50
Serie-a,2015,Hellas Verona,47730000,20 ,28
Serie-a,2015,Frosinone Calcio,38300000,19 ,31
Serie-a,2016,Juventus Turin,497180000,1 ,91
Serie-a,2016,SSC Neapel,387380000,3 ,86
Serie-a,2016,AS Rom,354680000,2 ,87
Serie-a,2016,Inter Mailand,328300000,7 ,62
Serie-a,2016,AC Mailand,254330000,6 ,63
Serie-a,2016,Lazio Rom,226450000,5 ,70
Serie-a,2016,AC Florenz,217080000,8 ,60
Serie-a,2016,FC Turin,162350000,9 ,53
Serie-a,2016,Atalanta Bergamo,161700000,4 ,72
Serie-a,2016,US Sassuolo,145250000,12 ,46
Serie-a,2016,Sampdoria Genua,117580000,10 ,48
Serie-a,2016,Genua CFC,108180000,16 ,36
Serie-a,2016,Udinese Calcio,101950000,13 ,45
Serie-a,2016,FC Bologna,95000000,15 ,41
Serie-a,2016,Cagliari Calcio,61080000,11 ,47
Serie-a,2016,Empoli FC,55450000,18 ,32
Serie-a,2016,Delfino Pescara 1936,48100000,20 ,18
Serie-a,2016,Chievo Verona,45880000,14 ,43
Serie-a,2016,US Palermo,41100000,19 ,26
Serie-a,2016,FC Crotone,36700000,17 ,34
Serie-a,2017,Juventus Turin,653150000,1 ,95
Serie-a,2017,SSC Neapel,504250000,2 ,91
Serie-a,2017,Inter Mailand,487280000,4 ,72
Serie-a,2017,AS Rom,469100000,3 ,77
Serie-a,2017,Lazio Rom,408780000,5 ,72
Serie-a,2017,AC Mailand,407050000,6 ,64
Serie-a,2017,AC Florenz,237330000,8 ,57
Serie-a,2017,Atalanta Bergamo,207950000,7 ,60
Serie-a,2017,Sampdoria Genua,190450000,10 ,54
Serie-a,2017,FC Turin,175530000,9 ,54
Serie-a,2017,Genua CFC,135130000,12 ,41
Serie-a,2017,US Sassuolo,126780000,11 ,43
Serie-a,2017,Udinese Calcio,108030000,14 ,40
Serie-a,2017,FC Bologna,103550000,15 ,39
Serie-a,2017,Cagliari Calcio,98580000,16 ,39
Serie-a,2017,SPAL 2013,63550000,17 ,38
Serie-a,2017,Benevento Calcio,57830000,20 ,21
Serie-a,2017,Hellas Verona,56500000,19 ,25
Serie-a,2017,Chievo Verona,55230000,13 ,40
Serie-a,2017,FC Crotone,47880000,18 ,35
Serie-a,2018,Juventus Turin,871050000,1 ,90
Serie-a,2018,SSC Neapel,646800000,2 ,79
Serie-a,2018,Inter Mailand,617930000,4 ,69
Serie-a,2018,AC Mailand,578480000,5 ,68
Serie-a,2018,AS Rom,459050000,6 ,66
Serie-a,2018,Atalanta Bergamo,367680000,3 ,69
Serie-a,2018,AC Florenz,315330000,16 ,41
Serie-a,2018,Lazio Rom,291150000,8 ,59
Serie-a,2018,US Sassuolo,242050000,11 ,43
Serie-a,2018,FC Turin,239230000,7 ,63
Serie-a,2018,Sampdoria Genua,216750000,9 ,53
Serie-a,2018,Udinese Calcio,201200000,12 ,43
Serie-a,2018,Genua CFC,191730000,17 ,38
Serie-a,2018,Cagliari Calcio,155380000,15 ,41
Serie-a,2018,FC Bologna,119680000,10 ,44
Serie-a,2018,Empoli FC,105600000,18 ,38
Serie-a,2018,SPAL,97400000,13 ,42
Serie-a,2018,Parma Calcio 1913,95750000,14 ,41
Serie-a,2018,Chievo Verona,54700000,20 ,17
Serie-a,2018,Frosinone Calcio,54530000,19 ,25
Serie-a,2019,Juventus Turin,661880000,1 ,83
Serie-a,2019,Inter Mailand,606050000,2 ,82
Serie-a,2019,SSC Neapel,548280000,7 ,62
Serie-a,2019,AC Mailand,404330000,6 ,66
Serie-a,2019,AS Rom,392730000,5 ,70
Serie-a,2019,Lazio Rom,303880000,4 ,78
Serie-a,2019,AC Florenz,302230000,10 ,49
Serie-a,2019,Atalanta Bergamo,291430000,3 ,78
Serie-a,2019,US Sassuolo,167980000,8 ,51
Serie-a,2019,Cagliari Calcio,167830000,14 ,45
Serie-a,2019,FC Turin,163550000,16 ,40
Serie-a,2019,Genua CFC,142380000,17 ,39
Serie-a,2019,Sampdoria Genua,135280000,15 ,42
Serie-a,2019,FC Bologna,129650000,12 ,47
Serie-a,2019,Parma Calcio 1913,128750000,11 ,49
Serie-a,2019,Udinese Calcio,121080000,13 ,45
Serie-a,2019,Hellas Verona,112530000,9 ,49
Serie-a,2019,Brescia Calcio,83230000,19 ,25
Serie-a,2019,SPAL,73630000,20 ,20
Serie-a,2019,US Lecce,52330000,18 ,35
Serie-a,2020,Inter Mailand,663900000,1 ,91
Serie-a,2020,Juventus Turin,633300000,4 ,78
Serie-a,2020,AC Mailand,547780000,2 ,79
Serie-a,2020,SSC Neapel,530200000,5 ,77
Serie-a,2020,Atalanta Bergamo,430000000,3 ,78
Serie-a,2020,AS Rom,395650000,7 ,62
Serie-a,2020,Lazio Rom,326330000,6 ,68
Serie-a,2020,AC Florenz,286800000,13 ,40
Serie-a,2020,US Sassuolo,241740000,8 ,62
Serie-a,2020,Cagliari Calcio,187830000,16 ,37
Serie-a,2020,FC Turin,175280000,17 ,37
Serie-a,2020,Udinese Calcio,173000000,14 ,40
Serie-a,2020,Hellas Verona,157210000,10 ,45
Serie-a,2020,FC Bologna,153600000,12 ,41
Serie-a,2020,Parma Calcio 1913,128700000,20 ,20
Serie-a,2020,Sampdoria Genua,127180000,9 ,52
Serie-a,2020,Genua CFC,111930000,11 ,42
Serie-a,2020,Spezia Calcio,71680000,15 ,39
Serie-a,2020,FC Crotone,52750000,19 ,23
Serie-a,2020,Benevento Calcio,50130000,18 ,33
Serie-a,2021,Juventus Turin,642500000,4 ,70
Serie-a,2021,Inter Mailand,558550000,2 ,84
Serie-a,2021,AC Mailand,546950000,1 ,86
Serie-a,2021,SSC Neapel,477230000,3 ,79
Serie-a,2021,Atalanta Bergamo,398750000,8 ,59
Serie-a,2021,AS Rom,381250000,6 ,63
Serie-a,2021,AC Florenz,325800000,7 ,62
Serie-a,2021,Lazio Rom,264480000,5 ,64
Serie-a,2021,US Sassuolo,251000000,11 ,50
Serie-a,2021,FC Turin,223400000,10 ,50
Serie-a,2021,FC Bologna,186200000,13 ,46
Serie-a,2021,Hellas Verona,162980000,9 ,53
Serie-a,2021,Udinese Calcio,142300000,12 ,47
Serie-a,2021,Cagliari Calcio,134530000,18 ,30
Serie-a,2021,Sampdoria Genua,128550000,15 ,36
Serie-a,2021,FC Empoli,126500000,14 ,41
Serie-a,2021,Genua CFC,121280000,19 ,28
Serie-a,2021,Venezia FC,80980000,20 ,27
Serie-a,2021,Spezia Calcio,78500000,16 ,36
Serie-a,2021,US Salernitana 1919,70560000,17 ,31
